"","Institution","City","State","Program"
"1","Boise State University","Boise","ID","Biology"
"2","California State Polytechnic University - Pomona","Pomona","CA","Biological Sciences"
"3","College Of Staten Island, CCNY","New York","NY","Biology"
"4","College Of William And Mary","Williamsburg","VA","Biology"
"5","Colorado State University","Fort Collins","CO","Biology"
"6","Columbia University","New York","NY","Ecology, Evolution, and Environmental Biology"
"7","Eastern Illinois University","Charleston","IL","Biological Sciences"
"8","Georgia Southern University","Statesboro","GA","Biology (Ecology, Evolution , and Behavior)"
"9","Georgia Southern University","Statesboro","GA","Biology (Ecology, Evolution, and Behavior)"
"10","Loyola University","Chicago","IL","Biology"
"11","Missouri State University","Springfield","MO","Biology"
"12","Morehead State University","Morehead","KY","Biological and Environmental Sciences"
"13","Northwestern University","Evanston","IL","Plant Biology and Conservation"
"14","Saint Joseph's University","Philadelphia","PA","Biology"
"15","San Diego State University","San Diego","CA","Biology (Evolutionary Biology)"
"16","Smith College","Northampton","MA","Biological Sciences"
"17","Southeastern Louisiana University","Hammond","LA","Biological Sciences"
"18","University of Alabama-Huntsville","Huntsville","AL","Biological Sciences"
"19","University of Central Arkansas","Conway","AR","Biology"
"20","University Of Missouri - Kansas City","Kansas City","MO","Biological Sciences, Graduate Programs in Molecular, Cellular and Structural Biology (Development and Evolutionary Genomics)"
"21","University Of New Orleans","New Orleans","LA","Biological Sciences"
"22","Arizona State University","Tempe","AZ","Ecology, Evolution, and Environmental Science"
"23","Arizona State University","Tempe","AZ","School of Life Sciences: Genomics, Evolution and Bioinformatics"
"24","Auburn University","Auburn","AL","Biological Sciences (Evolutionary Biology)"
"25","Binghamton University","Binghamton","NY","Ecology, Evolution, Behavior and Physiology"
"26","Boston University","Boston","MA","Ecology, Behavior, and Evolution"
"27","Bowling Green State University","Bowling Green","KY","Ecology, Evolution, and Population Biology"
"28","Brown University","Providence","RI","Ecology and Evolutionary Biology"
"29","Clark University","Worcester","MA","Biology"
"30","Cornell University","Ithaca","NY","Ecology and Evolutionary Biology"
"31","Dartmouth College","Hanover","NH","Ecology and Evolutionary Biology"
"32","Duke University","Durham","NC","Biology"
"33","Duke University Medical Center","Durham","NC","Biological Anthropology and Anatomy"
"34","Duquesne University","Pittsburgh","PA","Biological Sciences"
"35","Emory University","Atlanta","GA","Population Biology, Ecology and Evolution"
"36","Florida International University","Miami","FL","Biological Sciences"
"37","Florida State University","Tallahassee","FL","Ecology and Evolution"
"38","Harvard University","Cambridge","MA","Organismic and Evolutionary Biology"
"39","Howard University","Washington","DC","Ecology and Evolutionary Biology"
"40","Illinois State University","Normal","IL","Biological Sciences - Behavior, Ecology, Evolution & Systematics"
"41","Indiana University-Bloomington","Bloomington","IN","Biology - Evolution, Ecology & Behavior"
"42","Iowa State University","Ames","IA","Ecology and Evolutionary Biology"
"43","Iowa State University","Ames","IA","Interdepartmental Genetics Graduate Program"
"44","Kent State University","Kent","OH","Biological Sciences - Evolutionary, Population and Systematic Biology"
"45","Lehigh University","Bethlehem","PA","Integrative Biology"
"46","Louisiana State University","Baton Rouge","LA","Biological Sciences - Systematics, Ecology, and Evolution"
"47","Michigan State University","East Lansing","MI","Ecology, Evolutionary Biology and Behavior"
"48","Montana State University Bozeman","Bozeman","MT","Ecology (Fish and Wildlife Mgt)"
"49","North Carolina State University","Raleigh","NC","Entomology"
"50","North Carolina State University","Raleigh","NC","Genetics"
"51","North Dakota State University","Fargo","ND","Zoology"
"52","Northern Illinois University","DeKalb","IL","Biological Sciences - Ecology and Evolution"
"53","Northwestern University","Chicago","IL","Life Sciences - Med Sch. - Interdisciplinary grad program - evol. biol. research area"
"54","Ohio State University","Columbus","OH","Evolution, Ecology, and Organismal Biology"
"55","Ohio University","Athens","OH","Ecology and Evolutionary Biology"
"56","Princeton University","Princeton","NJ","Ecology and Evolutionary Biology"
"57","Rice University","Houston","TX","Ecology and Evolutionary Biology"
"58","Rutgers - Newark","Newark","NJ","Biology (Ecology and Evolution)"
"59","Rutgers, The State University Of NJ","New Brunswick","NJ","Ecology and Evolution"
"60","Saint Louis University","St. Louis","MO","Ecology, Evolution and Systematics"
"61","Stony Brook University (S.U.N.Y.)","Stony Brook","NY","Ecology and Evolution"
"62","SUNY-Buffalo","Buffalo","NY","Biological Sciences"
"63","Texas A&M University","College Station","TX","Biology"
"64","Texas A&M University","College Station","TX","Interdisciplinary Program in Genetics"
"65","Texas Tech University","Lubbock","TX","Biology"
"66","Tufts University","Medford","MA","Ecology, Behavior, and Evolution"
"67","Tulane University","New Orleans","LA","Ecology and Evolutionary Biology"
"68","Univ. of N.C.-Chapel Hill","Chapel Hill","NC","Evolution, Ecology and Organismal Biology"
"69","University of Arizona","Tucson","AZ","Ecology and Evolutionary Biology"
"70","University of Arizona","Tucson","AZ","Entomology"
"71","University of Arizona","Tucson","AZ","Plant Sciences"
"72","University of Arizona","Tucson","AZ","Plant Sciences (Plant Pathology and Microbiology)"
"73","University Of California, Berkeley","Berkeley","CA","Integrative Biology"
"74","University of California, Davis","Davis","CA","College of Biological Sciences, Section of Evolution and Ecology (Animal Behavior)"
"75","University of California, Davis","Davis","CA","College of Biological Sciences, Section of Evolution and Ecology (Population Biology)"
"76","University of California, Irvine","Irvine","CA","Ecology and Evolutionary Biology"
"77","University of California, Los Angeles","Los Angeles","CA","Ecology and Evolutionary Biology"
"78","University of California, Riverside","Riverside","CA","Evolution, Ecology, and Organismal Biology"
"79","University of California, San Diego","La Jolla","CA","Ecology, Behavior, and Evolution"
"80","University Of California, Santa Barbara","Santa Barbara","CA","Ecology, Evolution and Marine Biology"
"81","University Of California, Santa Cruz","Santa Cruz","CA","Biology (Ecology and Evolutionary Biology)"
"82","University Of Chicago","Chicago","IL","Ecology and Evolution"
"83","University Of Cincinnati","Cincinnati","OH","Biological Sciences"
"84","University of Colorado at Boulder","Boulder","CO","Ecology and Evolutionary Biology"
"85","University of Connecticut","Storrs","CT","Department of Ecology and Evolutionary Biology"
"86","University of Georgia","Athens","GA","Evolutionary Biology (Genetics; Plant Biology)"
"87","University Of Hawaii At Manoa","Honolulu","HI","College of Natural Sciences, Ecology, Evolution and Conservation - Biology Graduate Specialization"
"88","University Of Houston","Houston","TX","Biology and Biochemistry, Division of Ecology and Evolution"
"89","University Of Illinois At Urbana - Champaign","Urbana","IL","Ecology and Evolutionary Biology"
"90","University of Iowa","Iowa City","IA","Biological Sciences"
"91","University of Kansas","Lawrence","KA","Ecology and Evolutionary Biology"
"92","University Of Louisiana At Lafayette","Layfayette","LA","Environmental and Evolutionary Biology"
"93","University of Maryland, College Park","College Park","MD","Behavior, Ecology, Evolution and Systematics (BEES, Biology)"
"94","University Of Massachusetts","Amherst","MA","Organismic and Evolutionary Biology"
"95","University of Memphis","Memphis","TN","Biology"
"96","University Of Miami","Coral Gables","FL","Biology"
"97","University Of Michigan","Ann Arbor","MI","Ecology and Evolutionary Biology"
"98","University Of Minnesota","St. Paul","MI","Ecology, Evolution and Behavior"
"99","University Of Minnesota","St. Paul","MI","Plant Biological Sciences"
"100","University Of Missouri - Columbia","Columbia","MO","Biological Sciences - Evolutionary Biology and Ecology"
"101","University Of Missouri - Saint Louis","St. Louis","MO","Biology"
"102","University Of Montana--Missoula","Missoula","MT","Biological Sciences, Organismal Biology and Ecology"
"103","University Of Nebraska - Lincoln","Lincoln","NE","Biological Sciences (Ecology, Evolution, and Behavior)"
"104","University Of Nevada, Reno","Reno","NV","Ecology, Evolution and Conservation Biology"
"105","University of New Mexico","Albuquerque","NM","Biology (Evolutionary Biology)"
"106","University Of North Dakota","Grand Forks","ND","Biology (Evolution and Ecology)"
"107","University Of Notre Dame","Notre Dame","IN","Biological Sciences (Ecology, Evolution and Environmental Biology)"
"108","University of Oklahoma","Norman","OK","Zoology"
"109","University Of Oregon","Eugene","OR","Biology (Molecular, Genetic, and Cellular Biology)"
"110","University Of Oregon","Eugene","OR","Biology (Ecology and Evolutionary Biology)"
"111","University Of Pittsburgh","Pittsburgh","PA","Ecology and Evolution"
"112","University Of Rochester","Rochester","NY","Biology"
"113","University Of South Carolina","Columbia","SC","Biological Sciences (Ecology, Evolution and  Organismal Biology; Molecular, Cellular and Developmental Biology)"
"114","University Of South Florida","Tampa","FL","Biology"
"115","University Of Southern California","Los Angeles","CA","Biological Sciences (Integrative and  Evolutionary Biology)"
"116","University of Tennessee-Knoxville","Knoxville","TN","Department of Ecology and Evolutionary Biology (EEB)"
"117","University of Texas - Arlington","Arlington","TX","Biology (Ph.D. - Quantitative Biol.)"
"118","University of Texas - Austin","Austin","TX","School of Biological Sciences, Section of Integrative Biology (Ecology, Evolution, and Behavior)"
"119","University Of Utah","Salt Lake City","UT","Biology"
"120","Utah State University","Logan","UT","Biology"
"121","Vanderbilt University","Nashville","TN","Biological Sciences"
"122","Virginia Commonwealth University","Richmond","VA","Biology (ecology, evolution, systematics; M.S.) (integrative science; Ph.D.)"
"123","Virginia Commonwealth University","Richmond","VA","Biology (ecology, evolution, systematics; M.S.) (integrative science; Ph.D.)"
"124","Wesleyan University","Middletown","CT","Biology"
"125","Yale University","New Haven","CT","Ecology and Evolutionary Biology"
